user_id,error
GeT__LeFt,"Codeforces API failed: {'status': 'FAILED', 'comment': 'handle: User with handle GeT__LeFt not found'}"
bIeah,"Codeforces API failed: {'status': 'FAILED', 'comment': 'handle: User with handle bIeah not found'}"
Mrad_rmi,"Codeforces API failed: {'status': 'FAILED', 'comment': 'handle: User with handle Mrad_rmi not found'}"
sheisruthisami,"Codeforces API failed: {'status': 'FAILED', 'comment': 'handle: User with handle sheisruthisami not found'}"
ankit.jha2807,"Codeforces API failed: {'status': 'FAILED', 'comment': 'handle: User with handle ankit.jha2807 not found'}"
Pichon_Rastastas,"Codeforces API failed: {'status': 'FAILED', 'comment': 'handle: User with handle Pichon_Rastastas not found'}"
_Niyati_32,"Codeforces API failed: {'status': 'FAILED', 'comment': 'handle: User with handle _Niyati_32 not found'}"
fla1r6699,"Codeforces API failed: {'status': 'FAILED', 'comment': 'handle: User with handle fla1r6699 not found'}"
syntax_errorrr,"Codeforces API failed: {'status': 'FAILED', 'comment': 'handle: User with handle syntax_errorrr not found'}"
Bad_Bear,"Codeforces API failed: {'status': 'FAILED', 'comment': 'handle: User with handle Bad_Bear not found'}"
RootAnant,"Codeforces API failed: {'status': 'FAILED', 'comment': 'handle: User with handle RootAnant not found'}"
