user_id,cluster
-BALERION-,C0
-KAKASHI-,C1
-XBB-,C0
..mmm...,C1
.__.__....__.__.,C1
.why_login.,C1
007Masterfate,C1
007jabir,C0
01124699,C0
045_Arys.BIL-Shodi-2029,C1
0Codemar0,C1
0KKhedr0,C1
0x_Heisenberg13,C0
1000cyans,C0
100M_,C0
111z,C1
147chaudhary,C0
14bird,C0
18007721992,C1
18343652761,C0
1876364,C0
18779222008,C1
18sai,C1
18wh1a0433,C1
190330208,C1
19H51A04K7,C1
19Sneha,C0
19wh1a05e5,C1
1aman1,C1
1ink,C0
1ofaKind,C0
2000030516,C1
200504,C1
20122623,C1
201314040,C1
2020065309jhh,C0
20211a1276,C1
2100031078cseh,C1
2100031971cseh,C1
2110030405,C1
21ee01052,C1
21r01a7205,C1
21wh1a05h2,C1
22-08zmy,C1
2210030071,C0
2210040052,C1
22231,C1
22A91A05E4,C1
22wh1a6602,C1
23501A05C0,C1
23r05a7305,C1
2507544221,C0
2d0219710109499,C0
3086158957,C1
3187170085,C0
357111,C1
3abtwabb,C1
411411411,C0
42temp42,C1
47Bananas,C0
4Ling_3Xiao,C0
4ik4irik,C1
4yBa4ok,C1
59TUGE,C1
5akthi,C0
7esham_,C0
8959967582,C1
909475573,C0
9756,C0
9lsyyds,C1
A001,C1
A7X,C1
A89100,C1
AAAAAARun,C0
ABANDON1234,C0
ACwiner,C1
ADM,C1
AHMD_KHALD,C1
AHNayef,C1
AJ4,C1
AK7,C0
ANDL,C0
APS123,C1
AU25adiel,C1
AXm0us,C1
A_EM_A,C1
A_I_A,C0
A_J_604,C0
A__2,C1
Aakas_kumar,C0
Aakash_X,C1
Aakashagr22,C1
AaronWang,C0
Aayat,C1
Abdallah7ABSA,C1
AbdallahHGamal,C1
Abdul_ahad13,C1
Abdulla_Al_Noman,C0
Abed-Al36eem,C1
Abhi405,C1
Abhi76_Codes,C1
Abhinav_kamani,C1
Abhiram_1,C0
Abhiram_Gorle,C1
Abo_Alnwar,C1
Abrahamian,C1
Absaar_Ali,C1
Abylaikk_O1,C0
Accepted_hunter,C1
Accepted_plz,C0
Acknight,C1
Aditi_2510,C0
Aditya007_g,C1
AdityaDas.,C0
Aditya_V,C1
AdmanAbid,C0
Aegithaloysia,C1
AeroDancer,C0
Aeroh5,C1
AftabRahi,C1
Ahmed-,C0
Ahmed86_adel,C0
AhmedSaeed,C1
Ahmed_Sherif10,C0
Ahmed_Walid1,C1
AidynUbin,C1
Air_warrior,C1
Akansh2000,C1
Akhi12,C1
Akhmet-2024,C1
Akshatkumar1640,C1
Akshay_Dobariya,C1
AlamgirH,C1
Alberto_Manish,C0
Alcatras17,C1
AlejandroGallarati,C1
Alex1153,C0
Alexpavlov2010,C1
AlferesChronos,C0
Alsh_phoenix,C0
Altruistic8808,C0
Always111,C1
Aman15,C0
Aman2005,C0
AmarPro,C0
Ameena.Rabaya,C1
Amit_Bhardwaj_,C0
Ammu1234,C1
Amr_Maraief,C1
Amrutha_9829,C1
AnEmoGod,C0
Anabis,C1
Anakin_XYLei,C0
Ananta_Jalil,C1
AnanthMuppidi,C1
AnasYahya,C0
Andrew00130,C0
AndreyGudzenko,C0
AngryNarcissist,C1
AnijitPandey,C0
Animesh_03,C1
Anoncodersds,C0
Anonyms__,C1
AnshThukral,C1
Ansh_9112,C1
Anshu_Roy,C0
AnthonyyNguyen,C1
Anti17,C0
AntonioElCamborio,C0
Antonioadn,C1
Anu0202,C0
Ar1s,C0
Arawal123,C1
Ariful101,C0
ArmAAn_i8,C0
Armastus14,C1
Arpitha05,C1
Arryyaa,C0
ArsanyWageeh2,C1
Arsene-Lupin,C1
Artemii,C0
Arvin.Esk,C0
ArvindA,C1
Aryan_65,C0
Asd_zxc,C1
Ashish118,C0
AshishRKO,C1
Ashish_kuntal,C1
Ashoknaidu,C1
AshwinRaam,C1
Atomic_attack,C1
Aurox_,C0
Aya_mustafa10,C1
AyushSingh1308,C1
Ayush_b58,C1
Ayushh.g,C1
AziRo,C1
Aziz_Atallah,C0
AzizulHakim537,C0
BDboy,C0
BENZ69,C0
BHERXUAN,C1
BINYU,C0
BITWARRIOR69,C0
BUBT-Supreme_Strivers,C1
B_Venkata_Kundana,C0
Baaaraa,C0
Bahamoh,C0
Baiiche2.0,C1
Balerion_Black_Dread,C0
Bangbangbeng,C1
Bansal18,C1
BasmalaIbrahim,C0
Bassmala_Abood4,C0
Battah-225,C0
Beanms,C0
Beast1830,C1
Beb,C1
Belief_yfly,C0
Believer_05,C1
Bemyself,C0
Bench,C1
BerLin_,C0
Betichod_890,C0
Bharti_Gangwar.,C1
Bhavani_adapa,C1
Bigol2020,C1
Bipul1895,C0
Bishr_Khayyat,C0
BitTerCoder,C1
Bitwise_operator,C0
Blackmamba1122,C1
Bob_on_bush,C0
Boecruiser,C1
Boppudi_Sai_Chaitanya,C0
BoredAF1,C0
BrainZ,C0
Browhatsthat,C1
Bubble_sort,C1
ByeOrange,C0
C0nscious,C1
C233228,C0
CARBONATED_WATER,C0
CHIFFON,C0
CMRIT24_21R05A6610,C1
CMRIT25_21R01A05C2,C1
CSYYY,C0
Cabbagess,C1
CaimTheFool,C1
CapW,C1
Caproner,C0
CarlosGoogles,C0
Cation_coder6,C1
Celester_,C1
Chaawal250,C0
ChaituP05,C1
Chandra_979,C1
Charishma12,C1
Charismless,C1
Chengbai,C1
Cherub_Hierarch,C1
Chet8n,C0
Chirag_T002,C0
ChoTa_Bheem,C0
Chowy,C0
Chronosonder,C0
CipherWhiz,C1
CnohtyPC,C0
Coco025,C0
Cod_Devil,C0
CodeDestroyer_24,C0
CodeMine,C0
Code_002,C1
CoderKarsh,C0
Coder_Zer0,C1
Codersunny143,C1
Conann,C1
Contest_P,C1
CoolDude7523,C1
Coolzero,C1
Cracking,C1
Crayo02,C0
Creeper264,C1
Cse_df,C1
Cultural-Revolution,C1
Cup_ot_tea,C1
Curiosity_lady,C0
CurtizJ,C0
Cuzcuz,C1
D.Bruyne,C0
D3U5-3X,C1
DA_Kaito,C1
DAleksa,C0
DDDDL,C1
DEHEALER,C1
DHRUV_PATEL,C1
D_Cook.cppp,C1
D_XF,C0
DaMing-NCL,C0
Daichi,C0
DaisyInTheField,C1
Daithi,C1
DaitosyokannoHitsujikai,C1
Danilaa56,C1
DaoNam,C1
DargonFire,C0
Daria_the_jedi,C0
DarkGrach,C1
Darky_56,C1
Dawsh,C1
Daxysava175,C0
Daztaan99,C0
De1phin,C0
DeXter_410,C0
DeadiestPawn,C1
DecY,C0
Dee223204,C1
Deepini_kit,C1
DenDenMushi,C1
DepthFirstSearch,C0
DeshajPatel,C0
Dev-Plus,C0
Devilz,C0
Devv11,C1
Dhruv_Jhawar,C1
DianEman,C1
Digvijay0709,C0
Dimka_GS_2002,C1
DimsFromDergachy,C0
Dimute18,C1
Dinesh_Falle,C1
Disha_012,C1
DoanNgocGiaHung_2k13,C1
Dobriy_Kozel,C0
Doctor_Cartridge,C1
Dominater96,C1
Don_Lu,C1
Dorimar,C1
Dovrak,C0
DpIsALie,C1
Dpirad007,C1
Drusslgoat,C1
Drywings,C1
Dukehastam,C1
Dulinnnnzhe,C0
DurovChoseTrump,C1
DweenMd,C1
EL-TANK,C1
ELKhateeb,C0
EMEJZ,C0
EROR,C0
ERROR__1,C1
EaRTHSHaK3R,C1
EarthCom,C1
EggMonster,C0
Einstrasse,C0
Eitak,C1
ElRorro,C1
EleCursity,C0
Eliz351,C1
Elmiko,C0
EngyHussein1,C1
EnthusiasticPanda,C1
ErvinK,C0
EsharkyUchiha,C1
Ethical_Paranoid,C0
ExpertBy31May2022,C0
Extraordinary_,C0
EzzEldinKadry,C1
FANFANJOHN,C0
FLA5H,C0
FOX-Coder,C0
Fahmid-404,C0
FalgunPatel732,C1
Fanjixue42,C1
Fant1k43,C1
FarhanAdibAD_a,C1
Fatelon,C0
Fearless_J,C0
Feelthecode,C1
Fengxiang,C0
Fernando_Benito,C0
Ferran,C1
Ffrazi,C1
Fightcoder,C0
Finnn123,C0
Firefazer28,C1
FlameIngou,C0
Focuss,C1
ForTomorrow,C0
Free.,C0
From_UP,C0
Frost_176,C1
Fruiteaaa,C0
Fuck_Youuuuu,C1
Fuyuki,C0
GALA,C0
GCVillager,C0
GENGBK,C0
GURUPRASATH_1912,C1
GVSNitin23,C1
G_Cesario,C0
Gabp,C0
Gagandeep_singh,C1
Galaxy_Aurora,C1
Garv_314,C0
Garv_Gunnu,C1
GaryH,C0
Gary_NotFound,C1
GasmenK,C1
Gaurav-Ojha,C1
GauravRai,C1
Gautam04,C1
GeekyMonk07,C1
Getsby,C0
Gilgamesh7553,C0
Gleb,C0
God_boT,C1
Golub_mihail,C1
GovindGupta,C1
Govind_K,C0
Greg_Andreev,C1
Grimshow,C1
GuaGuaGuaGuaGua,C0
Guddu_P,C0
Guna_007,C0
Gunchaa,C0
H235,C0
HAILI,C1
H_On,C0
Ha_Ri,C1
Habibaa01,C0
Habibul_Mursaleen,C1
Hacker_vision,C0
HagoHard,C1
Hakise,C0
Hamss_AbdElGawad,C1
Hardikjain,C1
HariVenkataBalajiSunkara,C1
Harikareddy12,C1
HariniMinni,C1
Harsh_0303,C1
Harsha0703B,C1
Harshit3xter,C1
Hasan_22,C0
Hash_Mallow,C0
HashidaYasushi,C0
Hassan_Muhammed,C1
Hello10,C1
Henry_Hoang,C0
Hercol,C1
Himanshu_Chittora,C1
Hiyori1412,C1
HungJokerLe,C1
Hus786,C1
Hussein_Fadileh,C1
I-Bumblebee,C1
IDKey,C1
IIsomeoneII,C1
ILoveNoodles666,C0
IMeanGabriel____,C1
IQ250,C0
ITUS_graduated,C0
I_Love_Eva_,C0
I_Love_Khanh_Ly,C0
IamSultan,C0
Iamnoob_v1,C1
IbraHacker,C1
Ibrahem.m.o,C1
Idi0syncratic,C1
Igor.streshnev,C1
IgorVendramini,C1
Illyasviel-von-Einzbern,C1
Imran1,C0
ImrulEmon,C1
Inco1122,C1
IndomitableS,C0
Infinity_ved21,C1
InsaneX,C1
Intracon,C0
Ionu28,C0
IrinaO,C0
Iron_Hide_,C0
Ishabatool,C1
Iswaryasathi_23,C1
IwannastudyinOxford,C1
J.S.Eason_,C0
J4tt1n,C0
JGM101,C1
JKamilo.Stuxnet,C1
JSSRK,C1
J_S_K,C0
Jahshahauskdmw,C0
Janusz_Jakubiec,C1
Jashim-RMSTU123,C1
Java_Dragon99,C1
Jayanth1278,C1
JebBush,C1
JejeAlwahab,C1
Jentlebright,C1
Jgodream,C0
JhonRayo,C0
JimmyCHW,C0
Jivan_dandapat,C1
JoacoIB,C1
JoesSR,C0
Joey_ww,C1
JohnnyBel210313,C1
JojoTheCoder,C1
Jose_603,C0
JumpyPigger,C1
JunaidShafee,C1
JyyXD,C0
KAAL_79,C0
KAMALESHVJ,C1
KETHAVATH_SANTHOSH,C1
KG1109,C0
KKnoTT,C1
KLU_1105,C1
KRP.,C0
KSR218,C1
K_rika,C1
KakashiTrolls,C1
KalyaniKaligotla,C1
KamilFCB,C1
Kamonaroy,C0
Kantoku,C1
Kaqin,C0
Karan_Sidhu,C1
Karia-Veritas,C0
Karshilov,C0
Karthika_2024,C1
Karthikeyan2527,C1
KartikArora,C1
KartikYeole,C1
Kedi_chiz,C0
Kennyzhang114514,C1
KetanDav,C0
Kevinyyj,C0
Kiriyu,C1
Kix,C0
Kofirs2634,C1
Kokushibo,C0
Koushik_3,C1
KrishG7,C1
KroksalPapa,C1
KrusnikViers,C1
Kruthik_reddy,C1
Kseniazhilenkova,C1
Kshitij-1602,C1
Kulimsire,C1
Kurlex,C0
KushagraK,C0
LANKA.NAVEEN,C1
LCB2022018,C1
LEvGaP_91_,C0
LHanL,C0
LJC00118,C0
LLK-7,C0
LLegendy,C1
LNight121,C0
LSG-Robert,C1
LSU_D24_zhouhan,C1
LZQIU,C1
Labib619552,C0
Lakshya_Rani,C0
Lamia185,C0
Landscrona,C1
Langtuhkt,C1
LavrenovNA,C1
Legendary_MariO,C1
Leo5251,C1
LesssggooGauravv,C1
Levi_14,C0
Leviackerman245,C0
Lil_CodeForest,C0
LimeOnTop,C1
LimitBreaker,C0
Limone,C0
LinF,C1
LinS20,C1
LinYexiong,C1
Linly.,C0
Lituanam.Bochon,C1
Lixd,C1
LiyuQiao051101,C0
LjupcoT,C1
LoTFe,C0
LogicalBill,C0
Loi_Vampire,C0
Lonewolf08,C1
LongYa,C1
Lucifer_Wu,C0
LukeKS,C0
LwangL,C0
M007,C1
M1chail,C0
MAMBA,C0
MAN.POWER,C0
MASSamit1,C1
MAhsanAli,C0
MIDDIFFEr,C1
MMMim,C0
MPF,C1
MUthAna,C0
Madeeyuth,C0
MadhaviNidrabingi,C1
Madison520798,C1
Mahmudul_Hasan_Farhan,C1
Mai_Acm_2018,C0
Makushi,C0
Malboro2,C0
Maloybtw,C1
MamelDos-AL,C1
Mandalorian88,C0
Mandrade,C0
MansPower,C1
Mansi25,C1
Manu2018,C1
Maram_Mohamed87,C0
MarcosF,C1
MarioPrz3,C0
MarshalEminemSlim,C0
Marya008,C1
Marzuk,C1
Mason123456,C0
Master_Ashwin,C1
Materia,C0
Matistjati,C0
Max4740,C1
Max_43,C1
Mayamr251,C1
Mazen_Wahed,C1
MdAthar,C0
MeTamorph26,C0
Megaduck,C1
Mehrdad.S,C1
MelancholyEyed,C0
MeteNz,C0
MexaHIK,C0
Miaow,C0
MidZ595,C0
Mikage32,C0
Mikasa._.Akcerman,C1
MikeMalenkov,C1
Mimansha_Agarwal,C1
Min_J.76,C1
Ming.G,C0
MiraclePlusPlus,C0
Mishgannk,C0
Mishutka_221,C0
Mltsvh,C0
Mohamed_Shosha,C0
Mohit_2711,C0
MonalisaBaratam,C0
MoneyAggarwal,C1
Monohydr,C0
MonuYadav60010,C1
Moririn2528,C0
Mostima0,C1
Mounika_Meesala,C1
Moyu0730,C0
Mr.Shua,C0
MrCringe,C0
MrEssiorx,C0
Mr_Crusher,C0
Mreza57602,C1
Mujadded_M,C1
Mukesh_G7172,C0
Mukul900,C0
Mushfiq,C0
Mustang,C1
My-Life,C0
Myselfkc10,C1
MysticSoul,C0
Myuniverse,C0
NATANI,C1
NAVANEETHA_BOJA,C1
NIGHTHACKER20056,C1
N_yasaswini,C1
NaAlOH4,C0
Nagireddy_Anvitha,C1
NahIwouldWin,C0
NandiniReddy721,C1
Narayan_1255_Dada,C1
NavanieethTS,C1
Nawar-,C1
NeNikita,C0
Necr0maNceRRRR,C0
NeeX,C1
Need_Python,C1
Nefu_qky,C0
NeoN1207,C0
Neoran,C0
NewEdia,C1
NewGarden,C0
NguyenKhoiNe,C0
Nickkid,C1
Nigger_faggot,C1
NikPeg,C0
NikitaPetrovich,C1
Nima_ghasem,C0
Niru007,C1
Nishantgoyal918,C0
Nishanthkumarks,C1
Nisikto,C0
Nithumahel,C1
Nitphen-Eretovsky,C1
Niyati31,C0
Nnnuus,C0
NoDorai,C1
NoOne009,C1
Nojan,C1
NombreRaroPER,C1
NonOxy,C1
Noody,C0
Nova_Infogen,C0
Nuetron,C0
Nuggets,C1
NullGuardian,C1
NurizAite,C1
NurlashKO,C0
OIer1048576,C0
Offer,C0
Ojas_Kumar,C1
OkGood,C0
OmenScatters,C0
OnlyAccepted,C1
OooMoOnNnnnnnNtUuuMmNO,C1
Optimus_code_Terminator,C0
Orthi_000,C1
Orzwtf,C0
Otono_Phantom,C1
Oubaid,C0
Owen_sy__Cherish,C0
P2N2T,C0
PDinh04,C1
PKwill_ReD,C0
PNSP_13,C0
PRAVEEN_ZHUNJURE_07,C0
P_M2007,C1
Pab007,C0
Pan78m,C0
Parv_jain58,C0
Pasha_Mecheryakov,C1
PaulAtreides,C1
PavelLatyshev,C1
Pawan123,C0
PeaM,C0
PeinAgail,C1
PekinskaPatka,C1
PengShutong,C0
Pephma,C0
Pepsi__Cola,C0
PeregrineF,C1
Perpetually_Purple,C0
Pesimistixxx,C1
PetitAPetit,C0
Phantom__Phoenix,C0
Philippica_bf_of_zxr,C0
Phoenix76,C0
Piykumar,C1
Poluvasyan,C1
Poms,C1
PontusQ,C1
Prajwal,C1
Prakhar_Singh98,C1
Pranansh,C0
Pranav_1675,C1
Pranjalexe,C1
Prasanna535,C1
Prashant_Kumar_Bariya,C1
Prashanth1995,C1
Prattoy_01,C0
Pratyaksh077,C1
Prestige,C0
Prime21,C0
Priyanka_30,C1
PriyanshuTri,C1
PriyeshKumar32,C1
ProAlgebra,C0
Promi,C0
ProstoOrrest008,C1
PsYcO-kk,C0
PumbaOmsk,C1
Pushkarjain,C0
Pushpendra_Rajak,C1
Pythoner,C1
Pythonese,C1
Q.van,C1
Quas_Wex_Ort,C0
Qulcelat,C1
Qyuarius,C0
R0V,C0
REEEEEEEE3,C0
ROUMING,C1
RP1574,C1
R_E,C0
R_K_RATHORE,C1
R_i_N,C0
Rahul_Adusumalli,C1
Rahul_svnit10,C1
Raichu147,C0
Raihan_Freeze,C0
Railean,C0
RajkumarShaw58771,C1
Rajmangukiya,C0
RakeshKrGorai,C1
Rakesh_32199,C0
Rakib-Hossain-18,C1
Rama234,C0
RandomMan238,C1
Ranjan_N,C1
Rashoram_Ishen,C1
Ravinder2000,C0
RayOfLight,C0
Rayhanul_kabir_nabid,C1
RdEErAqUa,C1
Rebuilder,C0
RedKing,C1
Red_Brain,C0
Ref000d,C0
RemyLinguini,C1
Revanth30,C1
Rexxxxx,C0
Reyadhuzzaman,C1
RibhavYadav,C1
Rice_U,C1
Richtofen,C0
Rinku_518,C0
Rishabh_coder,C1
Rishav_spaR,C1
Rishu_25,C0
Rittishg,C1
Roberto121,C1
Rock2017,C1
Rocky769,C1
RockyHoo,C1
Rohitk21,C0
Ronakkhandlwl,C0
RookTakesc4,C0
Rp12138,C0
Rupayan_36,C0
RyanShyy,C1
SAIFUL_ISLAM01,C1
SAJAV_1,C1
SAMXRA1,C1
SAU.pxb,C1
SAYFALSE,C0
SCLchuck,C0
SDG_69,C0
SHARAT8,C1
SINGHisKINGart,C0
SMC15865622127,C1
SSKsan,C0
STDJCY,C0
SVK_SHARMA5n9,C1
SaBuZa,C0
SaMeR56,C1
Saadman_01,C1
Saagar4004,C1
Saborit,C0
SadRabit,C1
SafarovIsko000,C1
SaiHarsha_124,C1
SaiSushant17,C1
Sajerner,C0
SakshiTripathi,C1
Sakura__YAMAUCHI,C0
SamWasee,C0
Sambura,C1
Samiya123,C0
Sampath-_-,C1
San7-01,C0
Sanandan,C0
Sanjay_D,C1
Sanskar07x,C1
Sarah_Wang2,C1
Sarfarozkhuja,C1
SarveshK_21,C0
Sathwik_varma,C1
Sattarov_S,C1
Satyanshu111,C0
Saurav1210,C0
Sauron69,C1
SaveliyH,C1
Sayan3990,C1
Scalck,C1
Scarlet-FF3300,C0
Scherzophile,C0
SchneeDuan,C0
Scisenku,C1
Seifsf,C1
Seraphablo,C0
Sergey7,C1
Serioton_codes,C0
Sh4h4t,C1
Shaikahmed807,C1
Shailendra_coder,C1
Shailesh2313039,C1
ShameelPescatore,C1
ShanChaki,C1
Shan_2109,C1
SharD,C1
Sharif_Uddin,C0
Shashank_bhatnagar03,C0
ShawnDong,C0
ShirinovNabi,C1
Shivam_Yqdqv,C0
Shivani_Nethagani,C1
Shivansh_Srivastava,C0
Shizuki55,C1
Shk_Muhib.com,C1
ShlyaxTomate,C1
Shniro,C0
Shorya_1,C0
Shouvik__NITS,C1
Shozon51,C1
Shree55,C1
Shristicode_4,C1
Shriya_nimmala,C1
Shubhams3438,C1
Shubhamshu,C1
Shubhankarpoddar,C0
Shubhk16,C0
Shuimin,C1
ShuklShreyansh,C1
Shumaita_Binte,C0
ShurickNSK,C1
Siam-Islam,C1
SinaGhanbari,C1
Sir_Deepster,C1
Siri1987,C1
SiriusWhite,C0
Sky_2001,C1
SlayerOfDeath,C0
Sneha_chinchkar,C1
Somya_123,C0
Soumarya_Pal,C0
Soyka,C0
SpringForest__,C1
Sprout34,C1
Sravyapadavala,C1
Sreenivaasan1110,C1
Sreethareddy,C1
Srija19,C1
Srinu_123,C1
Sta_tion,C1
StarFaceless,C1
StarLock11,C0
Stef4o1337,C1
Stepankuzminn2010,C1
StepfenShawn,C0
StiLLfighting,C0
Stitch_8,C1
SugisakiTomoya,C1
Suharik42,C1
Sujal_117,C1
Sumeetrana,C1
SuperDope,C1
SuperMariooo,C0
Superm4n,C0
Swarnava-Biswas,C0
Sweety_Girl,C0
SwethaSai,C0
SyKat420,C0
Syeed,C1
T6GDNhat22120252,C1
TAAD,C0
TBEPDOXLEb,C1
TEMUZEN,C1
THEcodingGHOUL,C0
TJK_KARTOSHKA,C1
TNH23,C0
TWickes32,C1
T_rathore,C1
TangZiFan,C0
Tanium,C1
TanmayGosavi,C1
Tanveer14,C1
Tapis_Samaiya,C0
TaraniRashmitha,C0
Task__Master,C1
Tausif_21,C1
Taystered,C0
Team2_Tien,C0
TechWizard23,C0
TemaJogovod_Motorchiki,C1
Tenacious_07,C0
The-OneaboveAll,C0
The.Dreamer,C0
TheLama,C1
TheSky233,C0
TheTreee,C0
The_Grateful_Death,C1
The_Raven01,C1
The_Voyager,C0
The_Wolf9,C0
The_geek_deep,C0
ThirstyBot,C1
ThurThur,C1
Tiancaizhi,C0
TimopheyKh,C0
TingTings,C0
Tmonkey,C1
Tokey,C1
Tokur233,C1
Tony321,C0
Topgear___,C0
Tourist_Orz,C0
Tsukamachi,C1
Tsukishima_,C0
Tuanlinh123reborn,C0
TurningTables,C0
Twety_L,C1
UndeadDickKnobGraduate,C1
Unudlgr,C1
Usama3_4,C1
Uyang,C1
VHvictor1,C1
Vagabundo,C1
Vaibhav_86,C0
Valeronich,C1
ValliSri_Atyam,C1
Vam123-,C1
Vamshika_kolla,C1
Van02,C0
Varshini_18_,C1
Veboy,C0
Vegeto_,C0
Veldust,C1
Vibhum,C0
Vidu_001,C1
Viktor,C0
VincentGogol,C1
VitorAmorim,C0
Viveeepal,C1
Vivek24627,C1
VovaLem,C1
Vraditi92,C0
W_X_Dai,C0
W_px,C0
Walay_Tumong,C1
Warid,C0
Warrent,C0
Wasim_916,C1
Wen23Sp,C0
Wenzhongxing,C0
WhyKash,C0
Wrath12345,C0
WuSiDahh,C0
XJTU_coach_xu,C0
XYLiu9357,C0
Xenon777,C1
Xerxesss,C1
Xi_Wang_LC,C1
Xorcer3r,C0
Xtreme_19,C1
Xuzhigeng,C1
Xx__Amar,C1
Xycdada,C0
Y7ia_brns,C0
Yandex_,C1
YaoQi,C0
Yassa_Sabry,C0
Yasser_allam,C1
Yeageren,C0
Yeerke,C0
Yogesh_Gowda,C1
Yoisaki-Kanade,C0
YousifGad,C1
Youssef_Rizk,C1
YuiArthur,C0
Yukesh09122007,C1
Yukicat,C0
Yuvispartan,C1
Z2z,C0
ZH.,C0
ZSC2013031001009,C1
Zeeshan_1715,C1
Zehra.Nur,C0
Zeyad_Mohamed_313,C1
ZhongJQ,C0
ZiadSH.,C0
Zish3003,C1
Zubair7812,C1
Zugzwang514,C1
Zuhair_Ibtehaz_Barson,C0
Zuniar,C1
Zxmj01,C1
_.surya._,C0
_Actual_Girl,C0
_Ban_Xia_,C0
_BlAcK_bD4_,C0
_CalculuUus_,C0
_CodeSmith_,C0
_D_T_,C0
_EasyPeasy,C1
_KC007_,C1
_Noman71_,C0
_P.E.K.K.A_,C0
_Scorpion,C0
_Sf,C1
_ShiinaMashiro_,C0
_Stalker__,C0
_Vesna_,C1
_Vlad__,C0
__007__,C1
__Jellybean__,C1
__U__,C0
_____loiol_____,C0
__aayushman,C0
__dragon,C1
__mitsuo__,C0
__yerazh__,C0
_aaditya_007_,C1
_abhi_08,C0
_ass_tr0naut_kachori,C0
_dirtybit,C1
_farzi_,C0
_kick_,C0
_kishan_1001,C1
_mack_vm,C0
_mark123,C1
_mndm,C0
_muwahidmir.x,C1
_namespace,C0
_oneway_,C1
_rakesh_kumar,C1
_raum,C1
_rj08,C0
_sayonara_,C1
_shivamjha_,C1
_ud,C1
_vaibhav1999,C0
_vomedakth_,C0
a.ani865,C0
a.elkhouly,C1
a2sv,C0
a6hishekp,C1
aDarkSide,C0
aaadi123,C0
aaahmedhessuin,C0
aadarsh_.ram,C0
aak6.ash,C1
aakashreddy_01,C1
aammarahmed123,C1
aarshjain17,C1
aarushi898,C0
aas02,C1
aashay35,C0
aashiskishore,C1
aasthabhatia,C1
aayushg205,C0
aayushi21,C1
aayushkumar23,C1
abalone_27,C1
abbhchhan,C1
abc119922883366,C1
abcd_acc,C1
abcdw,C1
abczzzz,C1
abdhijanigam2609,C1
abdoucoder,C0
abdul.wahed,C0
abhidwivedi_15,C1
abhimanyuvashisht,C1
abhin109,C1
abhinab.dido,C1
abhinav1203,C1
abhinav_26104,C0
abhinav_rwt,C0
abhirup_99,C1
abhishek3175,C1
abhishek46tiwari,C0
abhishek80511,C1
abhishek8869sharma,C1
abhishek_0013,C1
abhishek_nitpy,C1
abhishekforitutor,C1
abhishekmaderana,C1
abhishekraokunche,C1
abhyudaypatel,C1
abpatil_2003,C1
abushahed490,C0
acerb95,C0
acro768,C1
ad_vait,C1
adaridileep,C0
adarkum82,C1
adc__xyz,C1
adibharade,C0
adicto_offical,C1
adii_07,C1
adiii_pramanik,C1
adismort14,C1
aditya__0712,C1
adityaa_singh,C1
adityachad,C0
adityamandke,C1
aeolusL,C1
aetklim,C1
afroz_shaik,C0
after_noon,C1
ag333nt,C1
agamswami_100,C0
ahmad1024,C1
ahmed99125,C0
ahmed_aly,C0
ahmed_makram07,C0
ahmedelhemaly1997,C0
ahmedelkazaz39,C1
ahnmo777,C0
ahsanbarkati,C0
ahsasyahoo11,C1
ahsee,C0
aifuvniwa,C0
aish_jahan,C1
aishu222,C1
ajay_ganesan,C0
ajay_mudettula,C1
ak112358,C1
ak4001497,C0
ak8809340,C1
akaanksh,C0
akash13s,C0
akash4319,C0
akasharupali,C1
akashdhar.apssdc,C0
akbarsafa,C1
akhildamri31,C1
akshat2012,C1
akshat4k,C0
akshat_singh047,C1
akshay.kalidatta,C1
akshaya_sree,C1
akshitadixit,C1
akshitsinghvi28,C0
aleksey873,C0
aleticod,C1
alex499,C1
alexalghisi,C0
alexnlp,C1
alexwice,C0
algareturn,C1
algoshub,C0
ali_yassine,C1
aliendyes,C0
alisha_1000,C0
altgifted,C0
aman24av,C1
aman_14as,C0
aman_aziz1999,C0
amane-ame,C0
amanraoxx,C0
amansrivastava80815,C1
amfolity,C0
amgtugi0877766,C1
amirtanweer0,C1
amitkumar4920,C0
amrAlali,C0
anand65,C1
anandkumar001,C1
anandsakthivel,C1
anandu4678,C1
anas7,C1
anast_pozd,C1
andvch,C1
ani_architect,C1
animesh1771,C1
anish9852,C1
anishpotluri2,C1
aniz,C0
anjanx44,C0
ank.p,C1
anki._.t,C1
ankit019,C0
ankit4284,C1
ankit_6252,C0
ankitha201_codeforces,C1
ankitpandey_84,C1
ankraj15,C1
anmol.ag132,C1
anmolsarraf,C1
annoynimous,C1
anon69123,C1
anonymouscodr__,C1
ansh47822,C1
anshkakkar754,C1
ansingh0305,C0
anteteego,C1
anubhabmandal1,C1
anudeep_001,C0
anuj1845,C1
anujsingh_231000011,C1
anunay.arunav,C1
anupam29,C1
anupam8nith,C1
anupam_kumr08,C1
anuragrai1228,C1
anuragt0,C0
anushdeotare11,C1
anushkaa0418,C1
apurvjain3861,C1
aravindsai24,C1
arch_,C1
archit96,C1
argone,C1
arif0626,C0
arihantbhardwaj06,C0
arihunter69,C0
arkapravapaul,C0
arman_singh,C1
arsbe5,C1
arshad_faizan,C1
arshiyap017,C1
artar1337,C0
artemis1096,C1
aryaa4work,C1
aryabhatiya,C1
aryansaini4001,C1
asapsotka,C1
ashaniimalsha126,C1
ashirwadsingh950,C0
ashish..15,C1
ashleyfihiza,C1
ashrafulalamasad,C0
ashuabc15,C1
ashutosh_yadav_,C1
asifhasanmohammed,C1
asifncc,C0
asmaulhasan.3920,C1
ata_karim,C0
ataul443,C0
atharv2005,C1
atharv26500,C1
atharva467,C1
atikshakur,C1
atmik,C0
attlas,C1
atulag,C0
atuljadon,C1
avatsavirsa,C0
average800,C0
average_coder_09,C0
aviralrabbit13,C1
avnishagrawal7,C1
aya_2510,C0
aymankhan555,C0
aymanmd999,C0
ayush1399,C1
ayush_29cdf,C0
ayushi_gupta09,C1
ayushkumar2023kucp1007,C0
ayushsikarwal,C1
ayushsingh19002277,C0
ayushwant,C0
ayuxhkumxr22,C0
b.archis,C1
babarsher_69,C1
bableshwar01,C0
badrii,C0
baihai0,C1
baixiao,C0
bakeatlasair3,C1
bakg1066,C1
bakuryu90,C0
bangi_69,C1
bansalishan,C1
bashar.mod97,C0
basmalali,C1
bat_cap,C0
batgauss,C1
batryzhan,C0
baync180705,C1
be_my_Alesya,C1
beenposov,C1
beibarys-m-astana-er-25,C1
bejugamrahul28,C1
believe_in_yourself,C0
benbongty,C0
bench225,C0
benny123,C1
bexi1,C1
beyoiy,C0
bgj,C0
bhairocks,C1
bharsh28,C1
bhattsohan248,C0
bhavana224,C1
bhavana_12,C1
bhavsarsoham111,C1
bhavyasripokuri,C1
bhumika132,C1
bhushanmore2508,C1
bhyajee,C0
biba_,C1
bigcydd,C1
biharibacha098,C1
bikolya,C1
billfeng,C1
bimandas,C0
bindamit167,C1
bipsdoesgeek,C1
bird959435,C1
bisht073,C1
bkdn24.111,C1
blagovest,C1
bless1ng,C1
bluecapture_,C1
bodashka,C0
bombardiro_crokodilo,C0
bombrary,C0
boomboombros,C1
boremvaishu,C1
borkar512,C1
botinok,C1
bouha,C1
brayanperez.c2001,C1
brisque,C1
brnhbrnh,C1
brooke732896,C1
bs0mkar,C1
bsse1116,C0
bsvvivek78287,C1
btzy,C0
bugIsEverywhere,C0
bullinkalarajesh,C1
bulls_eye,C0
butasebi,C0
bytewizrd,C1
cS_29,C0
caiosaigg,C1
cartonleg,C1
carxsing,C1
casimir,C1
catasofa,C1
ccnxixi,C0
cd10101,C1
cfycfy,C0
cggjazttmy,C1
ch21btech11037,C0
chakrapani07,C1
challenger2008,C0
chandur108,C1
changrun,C1
chaslv,C1
chechii,C1
chemouss2020,C1
chha_aa07,C0
chickening_,C1
chill21,C0
chirag_77,C0
chiro_2004,C0
choppakatlateja,C1
choripan_enojado,C1
chris12,C0
chstjtgtur,C1
chubakueno,C0
ciistacna.web,C0
cishretixi,C1
ciye,C0
ckozsuagon,C1
ckzrbjqgvu,C1
clcamazbvc,C1
clmsuftayy,C1
clover_yan,C1
cmcc,C1
code-n-roll,C0
codeEmPotatoChips,C1
codeOptimiser,C0
code_blocker,C1
code_hobby,C0
code_run,C0
codeabhi01,C1
codead404,C0
codecrusaders,C1
codemakerself,C0
coder0999,C1
coder_nik,C0
coder_rs,C0
codermehrajbd,C0
coders1122,C0
codesbyayush,C0
codexxdivyansh,C1
codingryley,C1
collosalinepass,C1
compilationerror_,C0
compilationerror_04,C1
condybao,C0
confused_virgo,C1
continue12,C1
copy_cat,C1
core10,C1
cosmicvoid,C0
cot-out,C1
cpuonajrjc,C1
craftyBLUE,C1
crazy0215,C0
crez,C1
cryptobrick,C1
cs_italy,C0
csd2023,C1
ct17,C0
cummer,C0
curiex,C0
curiousdragon49,C0
curly,C0
curtiw455,C1
cuzperf,C0
cyclone472,C0
czp0116,C1
d3nominat0r,C0
daalbaati,C0
dahaihaohan,C1
dajiashuodedui,C0
dakshesh15,C0
dama_,C1
daminho2412,C1
danilbut,C1
daniyal.shahzad2006,C1
dark_blade_68,C0
darkhorse.solutionist,C1
darkknight0o0op,C1
dasmany,C0
datizluv3,C1
dattu0124,C1
david12.34,C0
dawinder_77,C0
ddfsb,C0
ddmdd,C0
de_hong0914,C1
deathKeeper,C1
deepak44,C0
deepakyadav56617,C1
deepcodes,C1
definer,C0
degeneration74,C1
deletepls,C1
demOcrat,C0
dengqi935,C1
depndbl.org,C0
derailed_tecno,C1
desigob121,C1
detective12,C0
dev69,C1
dev_anshu,C1
dev_g05,C0
devansh_t,C1
devanshpurwar,C1
devashishg,C0
devashishmudigonda,C0
devesh_123,C1
devikats,C1
devilhacker108,C0
devladhani28,C1
devraj_goswami,C0
dhakshikaks,C1
dhananjay19,C1
dhanya_am,C1
dharun.n.2006,C1
dhruv.kush,C1
dhruv4250,C0
dhruvbansal9062101480061,C0
dhruvcode8,C0
dhruvjain,C1
dhruvsavani008,C1
dhxxv,C0
digcboy,C0
din2608,C0
dingchuqiao,C1
dingdingsb,C0
dingdingyu,C0
divyanshubalaiwar12,C1
djsaiojfdjshnfdjkshfidsa,C0
dlopatin,C0
dmitry.dolgopolov,C0
dn6049949,C0
do_anh_bat_dc_em,C1
donnghi,C0
dr0w5y,C0
dragon_eye,C0
duraianeesh338,C1
durga0024,C1
duxuexiang,C0
dwizzz,C1
eHHHhjw,C0
eZio_l7,C1
eagle-15,C1
echoadi008,C1
edorado93,C1
edward_newgate,C0
eee21at1a0243,C1
eekintmin,C0
efendi,C0
eftekhar_jolu,C1
eishasingh369,C1
elDiablo69,C1
el_lobia,C0
eldorado001,C1
elgrandeavocados,C1
elina_lv,C1
elitecoders014,C0
eltemrohit,C1
emilyzfliu,C1
emmadirohit_26,C1
emthgban,C1
emtiaz4545,C1
endurance,C0
eoinharish933,C1
epokjykfck,C1
epsa_6,C1
eqitkablzh,C1
erdenebileg11,C1
eshsape,C0
esraiak,C1
etherious_d_shekhar,C0
evan1337,C1
extinct_anni,C1
f20171327,C1
faisaljabet,C0
fakecoder7,C0
falitjain94,C1
fallenangel79der,C1
fallenxhunter,C1
fanboys,C1
farbodahm,C1
faribaislam,C1
fatmametwally,C1
fatogayd1992,C1
fearless15,C1
ffdp,C0
fghbfg1,C1
fib1123,C1
fiffeek,C1
fightingzjh,C0
fikir,C1
fire.fly,C0
fishing_cat,C0
fistasher,C1
fjsmxzt,C1
florinsalam92,C1
fmg_vishal,C0
fonune,C1
for_the_figo,C0
for_vax_with_love,C1
forgiveme,C0
forhadniloy,C1
fpfpfp,C1
freestyleosw,C0
frimm,C1
frozen_19,C1
fsharpminor,C1
fuadratul8,C1
fullpower,C0
furkankleene,C1
fwbd2006,C1
fzfzfz,C0
gafgadfdfvswe,C0
gamingzone12345gtj,C0
ganeshpc,C1
gao_wu_di,C0
garland595743,C1
gauravrai32,C1
gautam.24bcs10616,C1
gayathri_02,C1
gayi_0209,C1
geekypranjal123,C1
genesys,C1
get_pro,C1
gewgkdbywegbr,C1
ghalix,C1
ghbcreed,C1
ghuybidan123,C0
gigabuffoon,C0
gihh,C1
gilfoyle_squad,C1
gintama,C0
girdharnishant24,C1
gireesh1806,C0
girishgarg,C0
gisgo,C1
gizgiz,C1
gkgim873,C1
gla_191500364,C1
gnanikaomkarini,C0
gojoAraAra,C1
golyj_na_stole,C0
gonP,C0
google_it_2,C1
goyalkeshav617,C1
gr_priyk,C0
grandhi,C0
graph,C0
greatguy2008,C0
greek_code,C1
greektoxic,C1
groverdhananjay2,C0
gsahu,C1
gulasal_0519,C1
gummybaer,C1
gunaharsha,C0
gunjan10,C0
guojiangc,C1
guoxiangyu,C0
guvanch_besher,C1
gvsa21,C1
gwei,C1
gyrmkufffq,C1
h.r8360389542,C1
hAtchiko,C0
habba,C0
habiburrahman.mu,C1
hai.hai.hai.,C0
haikoo_khandor,C1
hailer24,C1
haitham2005,C0
hajimi11451486,C1
hamzaBas,C1
handsdirty,C1
happy_node,C0
harati,C1
harrison.linus.0710,C1
harrshhh,C1
harsh.1923cs1150,C1
harshbksp98,C0
harshdevmurari007,C1
harshdharmawat,C1
harshiljain203,C1
harshin416,C0
harshini05,C1
harshit_khardia,C1
harshita1006,C1
harshks250,C1
hasib1095,C0
hasibulkabir,C1
hawkyre,C1
hbagherinezhad,C1
hbibnzamNipa,C1
hbj,C1
hcoder_17,C0
hdgfgs,C0
hdyzhuxinzhe_,C1
hdz0318,C0
hehedaaa,C1
heimonsy,C0
hemant_paliwal,C1
hemantmehra,C1
heon,C0
hesiwei1145,C1
heujlc2,C1
hexa0611,C0
heygnauq,C0
hhello,C0
highpig,C1
highschoollondon,C1
hiker_zing,C0
hitMaster,C0
hiwatermellon,C0
hjsshjg,C0
hk7703940916,C0
hlv_x86,C0
hnakedpcoding,C0
hnust_wujint,C1
hoakg2000,C1
hoangle10tin,C0
honya121,C0
hoon222y,C1
hossain.ruet,C1
hoyyang22,C0
hridoy667,C1
hrsh_jshy,C1
hrushi145,C1
hsingh1011,C0
hsinghal179,C0
huakui,C1
huashui_xiaoming,C1
humbleChef,C1
hungphung,C1
hunzi_king,C0
hych0502,C0
hyperVJ,C0
hypercoder,C1
hyym,C0
hzf20115455,C1
hzhua,C0
i.trofimow,C0
i7_yoc,C0
iAmRehaan,C0
iQuarist,C1
i_am_a_juruo,C1
i_am_capable,C0
i_am_hk,C1
i_love_food,C0
i_m_orion,C0
iamashrur,C0
iamsushank,C1
ibrahim25,C1
ibrahim_h_mahaba,C1
icaro.lima,C0
icodencode,C0
ieb,C0
igor.lucena,C0
iharuu,C0
iit_2018,C0
ikzzi,C0
ilyashka,C0
im_Yash24,C0
im_quake,C0
im_raiden,C1
inSOMnia.nv,C1
inayath,C1
indian_07,C0
indiavishal3,C0
indumylarishetty,C1
infamouser,C0
inkret,C0
intoabhi,C0
invaderno,C0
invin_36,C1
invincible.anupam,C0
ioana.jianu,C0
ironman812003,C1
ishhahaan,C0
islamElbadawy,C1
ismail-eub,C0
it21b01a1298,C1
iti22,C0
itpays,C1
its__pujit,C0
its_me_Adarsh,C1
itschuk,C1
itz_prince,C0
iubns,C1
ivasax,C1
j58an,C0
jack_guo,C0
jacketchen,C0
jagadeesh11,C0
jaguar13,C1
jaguar2ajk,C1
jaimatadihpan,C1
jaindisha592001,C1
jaishiva_129,C0
jakub.lpw,C1
james_067,C0
jarvispy19,C1
jashuva_7,C1
jasonchin,C0
jasonsun0310,C1
jaswanth_20,C1
jatin_mankar,C1
jcydwx,C0
jeefailure,C0
jeffcooper,C1
jehiely.ruiz,C1
jerrickhoang,C1
jffc,C0
jhansi1214,C1
jhyjhy,C0
jhz_dfb_8374_34,C1
jiang171,C1
jiangzh,C1
jianylg,C0
jinhyukoo,C1
jinzilailai,C1
jisuanji,C0
jiteshagrawal,C0
jitu_falcon15,C0
jk17211768,C0
jnl,C1
johncena13,C1
johnmoses,C0
jojomodding,C1
joshring,C0
jowhojo,C0
jprasuk31,C1
jsgan,C0
jsiso,C0
jsph,C0
jsrbl,C1
jth,C1
juanda2020202,C1
jucan225,C1
juchan1220,C0
jucrodriguezpu,C1
junior_soprano,C0
juraws,C0
just_sid,C0
justaguywhoissleeping,C0
justinsaji1,C0
justordinarynoob,C1
jwang0306,C0
jxu733552,C0
jy3223wf,C0
kabagip472,C1
kagamiDisiki,C0
kaka0320,C0
kalki_07,C0
kalyani_agarwal,C1
kamdhenu,C0
kamil-dono,C1
kanav99,C1
kaneki602,C1
kangxei,C0
kanishk1602,C0
kanishka88660,C0
kanishkagarg954,C1
kansalshubham75,C0
kantiv6677,C1
kaputsu,C1
karamalhawat,C1
karavaevitaly,C1
karthi_01,C0
kartik6103,C1
kashish0505kashyap,C1
kasiglory,C1
kat-spb,C1
katerieul,C1
kattaamruthcharan,C1
kaul373.ik,C0
kdii13,C0
keerthanshenoy,C0
kelvahn,C1
kenzhik,C0
kevlu021,C1
kfinder,C1
kg1718129,C1
khaled_bnou_el_walid,C1
khanmohamady1381,C1
khanshambhavi,C1
khasrulShihab,C0
khatrimohak_13,C1
khoramian,C1
khushboo2418,C1
khushiupadhyay,C1
kiddi,C0
kidtourist,C1
kiiro,C1
killerbeesexy,C1
kimmypracha,C0
king114,C0
kingboy1102,C0
kinggayle21,C1
kingston484714,C1
kintonk,C1
kira_999,C0
kird,C0
kirihara233,C0
kirti4iii,C1
kirtisharma8822103020,C1
kit25csebkameshm,C1
kitesho,C0
kjayesh,C1
kkkDyLan,C0
kkkkkk0999,C0
kkonvictt,C0
kl_31212,C1
klu2300031302,C1
klu2300032037,C1
knight_1,C1
koabula,C1
kolluriraviteja,C1
komalkumari18,C0
komatiminnu6,C1
kondurubalaji1234,C1
konradstrack,C0
kopche,C0
korel_one,C0
kostinaevgenii,C1
koushik70422,C1
kovvurilaxmanaditya,C1
kpiyush25,C0
kranti4434,C1
krazykunalyt,C1
krish_vodnala,C1
krnfx,C0
ksingla025,C1
ksruthi2005,C1
kttlinh2005,C1
kukul,C0
kulkoder,C1
kuluso97,C0
kumar.gourav3.14,C0
kun4lsingh,C1
kunalmahendra24,C0
kuruvanikhitha,C1
kuuso,C0
kuvaconk,C1
kuzmichovamary,C1
kyakarun,C1
kyldvs,C0
l3v11,C0
lakshayjoshi_7,C1
lakshaysoni,C1
lakshita_0808,C1
lakshmichaithanya192,C1
lakshmisrujana,C1
lalitha544,C1
laralex,C1
lassioued_mouhanned,C1
lastans,C0
lastcode08,C1
lazy_ZJY,C1
lcpingping,C0
leeton,C1
legomaster36,C1
letfoolsdie,C1
letter_,C0
letuancanh2211,C1
levozavR2345098,C1
lihuan,C1
likhitha_560,C1
likipreetham145,C1
lilac_s,C1
lincoln17,C0
little_hjjjj,C0
lizardwizardd,C1
ljk,C1
lmaofunny321,C0
loadz,C1
log_K,C0
loleky,C1
lonewolfxxu06,C1
lookforayush,C1
lorian,C0
love_agg,C0
lowell637500,C1
lsonan,C0
lucassala,C0
lv_t,C1
lvettk,C0
lvtruong,C1
lwhnb,C0
lxher727,C1
lyuankai,C0
mack_lykyn,C1
mad_hat,C1
madhavdua26,C1
madhuthoram03,C1
madi1501,C1
madityavardhan03,C0
maguroguma,C0
mahanta21,C1
mahclab,C0
mahesh_1729,C1
mahib6969,C0
mahir_daiyan,C0
makabakafan,C1
makhlouf_mohamed_yacine,C1
maksj235,C1
malifold,C0
malik22,C1
mallika_05,C1
manali_gupta,C0
manasa__mohan,C1
manasnandchoudhary,C1
manaswi6715,C1
mangogao,C0
manhtien73,C1
manhvinh,C0
manikdureja,C1
manimohamed,C1
manish_35,C0
manish_kumar_24,C1
manobalsinghbagady,C1
manoj.udatha,C1
mansvi.k,C1
manuvemula,C1
manvirsingh007,C1
maomao28,C0
mariobarbieri11114,C1
marknarain,C1
marmik_07,C0
mash0riginal,C1
maskarman460,C1
masnoon,C1
mast-plan-hai,C0
master_optimusdp141,C0
mathbunnyru,C0
mathmath33,C0
matrixmagic,C0
maxqw1,C0
mayank_jain,C1
mayurpande2001,C0
mblaze,C0
mdbaker,C1
me.oz,C0
me_harsh8,C1
me_vikash7,C1
medha__c,C1
medo0o0o,C0
meghanachitturi5678,C0
mehedi_hridoy,C0
meher16,C0
mehull.26,C0
melonomel,C0
mengyishi,C1
meow,C0
merahijalwa,C0
metalhead10,C1
miguel.lama,C1
mikky283,C1
mikumimi,C1
milki,C1
minato,C0
mingker,C0
minihiro_1,C0
mirianashvili,C0
mirko123,C1
mis.sachin,C1
miyu.,C1
mjmohak,C1
mks13,C1
mlha,C1
mnanjeeba,C1
mnfarooq,C1
mnmoon,C1
mnosiis,C1
mo7amed_lebo,C0
mohammednaveed92321,C1
mohibur,C0
mohit19699soni,C0
mohit_369,C0
mohitveera25,C0
mohnishjain29,C0
mohtgdsc1092,C1
moinmairaj,C1
mojiu,C0
mominul07,C0
mon1994,C1
moner27,C0
morh,C0
mr4280,C1
mr_195,C1
mr_robot_404,C0
mr_sandeepsoni,C1
mrabhishek,C1
mrh6627,C0
mrir,C1
mrkosterix,C1
mrsams,C1
mrsstrl,C1
mrzhuang007,C1
msamanzhol42,C0
mtheggi,C0
muaroinhu,C0
mugiwara_2980,C0
muhammad,C1
muhmed_3mad,C1
mukeshbarpete,C0
mukkakoushik7,C0
muku1__,C1
mukulbaid63,C1
mulenarendrareddy6,C1
musonov.vitaliy,C1
muzammil1106,C0
mythic_bat,C0
n0skr,C1
n0urddine,C1
nada_makhlouf_,C1
nadaahx,C0
nader27,C1
nadim221,C1
nallasanjay26,C1
naman,C0
namankoder,C1
nameett,C0
namesh,C1
nandong1104,C1
nandu_doodhwala,C1
nanqiming,C1
naresh0904,C1
nasadigital,C0
naseerhussain,C0
naveesh_007,C1
navyasatya76,C1
nayakoti,C1
ndpro,C0
ne4eHbKa,C0
nedlogking121,C1
neel119,C1
neelampavan720,C1
neeldedhia10,C0
neeleshreddyb,C0
neerajits4u,C1
neervazirani,C0
nekomio,C0
nemesh003,C1
neuron.spike,C1
nevada,C0
never_luckyy,C1
nevergreen,C0
nhipatakyahai,C0
nidhipm2005,C1
night_we_met,C0
nightmare20,C0
nijval_21,C0
nikhil223,C0
nikhil_99,C0
nikita.nikitag7,C1
nikitinatala,C0
niksust,C1
nil400,C1
ninukhati2002,C1
niqiqi,C0
nirdeshak,C1
nirmal22,C0
nirodha,C1
nitesh999,C1
niteshgoud,C1
nitishni,C1
nitishpatel3579588997,C1
nittalags,C1
nkeerthika,C0
nlogn130,C0
nmany,C0
nn_myt,C1
noNickbro,C0
noble,C0
noelkawn,C1
noirsage,C1
noobcoder15,C0
noobcoder1504,C0
noobcoder_1978,C1
not-an-alt,C1
novinovigod,C1
novus547,C0
npak2602,C1
nrt0n,C1
nsddrezsd,C0
ntd275,C0
nubara,C1
nupurshelokar,C1
nuwandacodes,C1
nvesc07,C0
nyist_xiaod,C0
o3uiii,C1
obr.n198,C0
obscura,C1
odaiugwhfyao8wgdawipwagr,C0
odv,C1
offline-keshav,C1
og.kostya,C0
ogurechnaya_popka,C1
okarinkabir,C1
olddead,C0
omarhakim,C1
omega_007,C1
omemi,C0
omicron2k,C0
omiro,C1
ommyzhang,C0
onlyCodeforce,C0
oozmakappa,C1
op_8t1,C0
opacity794723,C1
opensteinsgate,C1
oposite_of_mom,C1
oreki_sen,C1
orny_nabila,C0
orphanSlayer,C1
orzkeyRguest,C0
osamaadel10,C1
oscarcorreacerquera,C1
oshine_07,C1
osuWHO,C0
ou_Doron,C1
ouch__casquinha,C0
oyr,C1
p.robbi,C1
p11011d,C0
pa-sudo039,C0
pakh,C0
palash_606,C1
panamka,C0
pandupuushotham,C1
pankaj_awasthi_03,C0
paranoidAndroid123,C0
paroksha,C1
parth_123,C1
parthktiwari,C1
parthosa,C1
parvez.crev,C0
pashok_pahan,C1
patchigolla_m,C0
patix777,C1
pavani_12,C1
pavankalyanreddy154,C1
pdCodeGuy,C0
pedromagnifico,C1
pel_men_,C1
petewat.c,C0
petr_qwerty,C1
phildefer,C0
phn_mnh,C0
phobella,C1
phuoc2902,C1
picha,C1
pirroneadorable71,C1
pirronemustik1992,C1
piusduttanitdgpbt,C1
piyush.bhawsar1,C1
pkien,C0
pmartynov,C0
polisha,C1
poojitha2516,C1
porag_ict_mbstu,C0
positiveman,C1
potatomatorange,C1
powerofapoint,C0
ppplus_0826,C1
pra_sad_9,C0
prabhanjan2002,C1
practis44,C0
pradhyu27,C1
prady_gupta,C0
prakashjha,C0
pramahalqavi,C0
pranav13,C1
pranavach,C1
pranavi_1905,C1
pranjay_yadav,C1
prapti.goyal,C1
prasadreena829,C1
prasadrishavraj,C1
prasanna_m10,C1
prathamesh45,C1
prathyand,C1
pratyay21,C1
preethireddy1005,C1
preetk,C1
prerana2002sahu,C1
prerna221,C1
prince.dhameliya,C1
prince2977,C0
prince_067,C1
pritam_negi,C1
priya25,C1
priyanhsu,C1
priyanka.mahadevu,C1
priyankamahajan,C1
prj22,C0
prk111203,C1
profgrammer,C0
progresS_coDe,C0
prosgie,C1
prudhvi-12,C1
pseud0c0der,C0
pugnahor25,C0
puhsu,C1
puji_11,C1
pupsikkk,C1
pwh.c,C1
pyCLover,C0
pyzmtqlauhzozdlxrp,C1
qImupi,C1
q_love,C0
qinjz,C1
qnetzylttvaw142,C1
qnicondavid,C0
qtriadkpnf,C1
qtsz,C1
qwerty1236,C0
qwertyeducation,C0
r.tanishq,C0
rafaello129,C0
rafieefatemeh995,C0
raghavjoshi789,C1
raghvendrakhatri,C1
rahmaessa01,C0
rahul.iiita94,C1
rahulanumala,C1
raigus,C1
raj9163cu,C1
rajkumar354,C0
rajputravi,C1
rajudussa,C1
rajvii,C0
rakat27,C0
raks,C1
ramalakshmi_14,C1
ramasita0104,C0
ramazan777,C0
rambo96,C0
ramneek2003kaur,C1
ramsey633495,C1
random-variable,C0
randomWAgenerator,C1
rangrejd82,C1
rank_n,C1
ranmeow,C1
ratan31,C1
raushanraj99,C1
rayne122,C0
rayyanmaindargi12,C0
razvg99,C0
reckless_spark,C1
reclaimer,C0
redwan18103220,C1
rejwana_neub,C1
rengoku_07,C1
revsal,C1
rghuouezb,C0
rghvsomani,C1
rhythm0_0,C0
riTRI,C0
richard4912,C0
richash,C1
ridwanur196,C1
rihan4130,C1
riksy_d,C1
riosshin24,C0
rishabhvasudevan,C0
rishikapaul335,C1
rishikeshsara03,C1
ritik18406,C0
riva,C1
riyaz489,C1
rj_noob,C1
rknxt,C1
rl617,C1
rm_28,C1
robai2002,C0
robert12,C1
robiuhos,C1
robolamp,C1
roby,C1
rochsxebec,C1
rockerzzx075,C1
rocky_bhai2045,C0
rohan.gothwal29,C0
rohan70970,C0
rohansarkar888,C0
rohit.21ug2037,C1
rohit.ar19,C1
rohith8020,C1
roktim214,C0
romansp123,C0
romario_wijaya,C1
romil172,C0
rong2594,C1
ronin_,C0
rookie0521,C1
rosekiller1211,C1
rossochach,C1
roycebro,C1
rsdbk_husky,C0
rt1405,C0
rudra_hari,C1
running_snail,C1
rupeshverma43721,C1
rusdrill,C0
rushikesh_kotkar,C1
ryan786,C0
rzuhdia28,C0
s199742,C0
s2e15,C0
s_t_y_x,C1
sachin.kansal456,C1
sachinsinghmining,C1
sachjat,C0
sadat_islam,C0
saddhu1005,C0
sadeen.sh02,C1
safeasmilk,C0
sah1ls,C1
sahai_rakshit,C1
sahilarora156,C1
sahithitammisetti,C1
sai66,C1
sai_sreekar,C1
saidatta_s,C1
sailor,C1
saimanhith,C1
sainikhilchitra,C1
saisirisha,C1
saitama.opm,C1
saiteja_ambari,C1
sake2054,C1
sakhawatv,C1
sakib.cse,C1
saksham7,C1
sakshi.malviya013,C1
salman_965,C1
salmoneater,C1
samar_sri,C1
samarjith,C1
saminabdullah123,C0
saminyasareram444,C0
sanchit.chaba,C0
sanders616866,C1
sandym,C1
sangram03,C0
sanidhyakr18,C0
sanidhyamadheshia,C1
sanjailal4,C0
sanjay.cse25,C1
sanju29_,C1
sankear,C0
sanket_profile,C1
sanketkittad02,C0
sankxt143,C0
sannilla_pavan_kumar,C0
santanhuahewu,C0
santu.dhali,C1
sanzhar_001,C0
sar1111,C1
sarasara2006,C0
sarthak-sriv,C1
sarthaks,C0
sarthakshitole55,C1
sathwik_27,C1
sathyaa2315,C1
satoyuki,C0
satwik_bhv1,C0
saurabh_12,C0
saurabhbera11,C1
saurav.anand,C1
sbanwakde4482,C1
scboii46,C1
scyxk,C1
sdipanshu90,C1
sdutlyq,C1
sea1and,C1
seanyboy65,C1
seatrony,C0
sebascert,C0
seemple_12,C0
sehajv,C1
semaj10,C0
sempav,C0
semyongromov676,C1
serayagirya,C0
setoy,C0
seweso8620,C1
sh2611vam,C1
sh3rby,C1
sh4rr1,C1
shadow.coder,C1
shafiq1a,C1
shagahaindavi,C1
shahid_alam,C1
shailendra_kharwar,C1
shanto_323,C0
shashwatdubey1729,C1
sheehan.mathur,C0
shero_47984,C0
shervi,C0
sheshen,C0
sheth.nilay12,C0
shimaa_saleh,C1
shirenn1,C1
shirisha2938,C1
shiv_1250,C0
shivabhatia,C1
shivamkumarjee2019,C1
shivamrastogi,C0
shivank_19,C1
shivashishsuman,C0
shiwi123,C1
shoaib77,C1
shob_21,C0
shoutyu32,C0
shraddha_id2,C1
shravani78,C1
shrawank22,C1
shreenidhi_3205,C1
shreyasgupta06,C1
shruti_giri,C0
shs_ryf,C0
shuailinccc,C1
shubhamJR,C1
shubhpvt22,C0
shubhsingh705,C1
shygo_cmii01,C1
siat,C1
siddhisingh1399,C1
siingh_ashu,C1
silverhunter,C1
sim178,C0
sinchan1509,C1
sindhu_ramba,C1
singh1510,C0
singh_637,C1
singh_akanksha,C1
singhrajputpritam224,C1
sinnu_super_star,C0
sinusco,C0
sithkar,C1
sivapavan1998,C1
sjovanovic,C0
sk__18,C0
smfaizalam786,C1
smileandyxu,C0
smilingdevil,C1
smukashev,C0
snagwani,C0
sneha_rani,C1
snehachoudhary451,C0
snehamishhra_2003,C1
snowden3003,C1
snw,C0
soelinhtetptn20204,C0
sohamboratee,C1
soharia025,C1
sohil_khan,C1
somanynames,C0
somebody1838,C0
songzb,C0
sonmanutd,C1
sontaleshubham27,C1
soulearth,C1
sourabh_golchha_17,C1
sourabhsonker_me20a6_13,C1
sovbaka,C1
sparkles1,C1
specialist3004,C1
spiritualmonk,C1
squaredog,C0
sraj39407,C0
sravan_12,C0
srimanishgouds,C1
srinadh_9,C1
sriniketh92,C1
srinivasmuppidi,C1
srivastavayuvi016,C0
srj_5035,C1
sshashwat07,C1
st3v3n,C0
stanptown,C0
star.xint.c,C1
starrall,C0
staticGeek,C0
stickatstack,C1
stirliz007,C1
stocck,C1
stpn129,C0
streichg,C0
strider7,C1
sty20030818,C1
subhjeet,C0
sucks_at_cp12,C1
sudeepgarg671,C1
sudharsanprakalathan_vm,C1
suguna_2007,C1
suhit_744,C0
sujawane,C1
sukrati_j,C1
sumanthku17,C1
sumit37,C1
sumit_9687,C1
sumon_siddik,C0
sumonakhatun,C0
sun_shine11,C1
sunkuvignesh21,C1
sunny.yuvraj23,C0
sunshine1,C0
super3,C0
superclara,C1
superfang,C0
supriya_18240,C1
surajkumar52,C1
suryateja_99,C1
sushantbelsare,C1
sushma_pilli,C1
sutaxkapoor,C0
sutirtha,C1
suushed,C0
suvi18,C1
svaibhav0703,C0
sven,C0
svk_006,C0
swaroop_chebolu,C1
swastikpanda69,C1
swatan_28,C1
swati_08,C1
swejlfdc,C1
sya_leuna,C1
szamanski11,C1
szcoder,C0
tMaxDev,C1
t_thunder,C0
tab_tab,C1
tabac,C0
tahmid013,C1
tammaliAmulya,C1
tangguangxin,C1
tangy_potato,C0
tangyao0792,C0
tanishq0421,C1
tanka_jahari,C0
tanveer9909,C1
taropro,C1
tarun_nagella,C1
tasneemkoushar,C0
tate971107,C1
tawashi,C0
taylordaan,C1
tc_adventureking,C0
tcltk,C0
tejasp07,C1
tejchemikala,C1
tellement,C1
temporary_x,C1
tepamid,C0
teri_ma_ki_chut,C1
testing_in_progress,C1
testingcode,C1
th3hassan,C1
thakurshashant,C0
thanklotato123,C1
tharun_2003,C0
the.best,C0
the_atg,C0
the_badcoder,C0
the_oathbreaker,C0
the_silent_geek_9,C0
the_village,C0
the_zart_of_the_goat,C0
thecoderash,C1
thecybermind,C1
thefirstnumber777,C0
theopedapolu,C1
theopratama,C1
thepcholka,C0
thesatiricwriter,C1
thesoftaryan,C0
thor2003,C0
threepipes_s,C0
thrilllight,C1
throwaway20,C1
tianzi4747tym,C1
tiaokeng,C0
tilak_,C1
timofei007,C1
tinup,C0
titash_das,C1
tjfxg,C0
tjmtss,C1
tomadimitrie,C1
tomoriru,C0
topGeek,C1
topcoderuz,C1
tosang,C0
touhed,C0
touhou,C1
tpavankumar17,C1
tranhnguyen,C0
trent380950,C1
trunghai131,C1
truykichvip2007,C1
trying_bird,C1
trytestfail,C0
tt.kilew,C1
tuhayi,C0
tulasir287,C1
tung31032010,C1
turbokvertik,C1
tushar1929rajput,C1
tusindak,C1
txatxatxa,C1
txmxrxrxnxi,C1
tyrant_D,C1
tyrell220480,C1
u-er_1,C0
uNxe,C1
ualiyeva,C0
uespmzehuz,C1
ug201310015,C0
ugh_shutup,C1
uhlmxobd73,C1
uiet_abhishek,C0
uigvxdvyad,C1
uiuinlby,C0
ujjwal701,C1
ujp_2020,C0
ultimateboss,C0
unKnown_69,C1
unbeatable_rival,C0
underrated__coder,C0
undertaker271,C0
unitylessfifty,C0
unknown5544,C1
unonum,C1
upagya,C1
urcompetitor,C1
urionsisdi,C1
user_ac,C1
user_account,C1
usrapheal06,C0
usx20203,C1
utkarsharma18,C0
utkarshaug31,C1
utopia_0,C0
uvrcrime,C1
v.d.07,C1
v1vek.gupta,C1
v4542,C1
v_koder,C0
vaibhav1809,C1
vaibhav310,C0
valirmer,C1
vamshi_krishna_erla,C1
vamshivasala249,C1
vamsipalapati_15,C0
vanisha_58,C1
vanya_mangla,C1
varshith_15,C1
varshvetri,C1
varun_lw,C1
varun_mupparaju,C0
vasanth038,C1
vasi07072002,C1
vatsal_sri,C1
vault_boy04,C0
venkatramanv,C0
venkatsaikondra,C0
venkey1729,C1
verletzen,C0
vermansit,C0
versceana,C1
veynanga,C1
vickram_2000080171,C1
vicky2135,C0
vielsi,C1
vighnesh2607,C1
vika_nemol,C1
vikrantpalle,C0
vinagg9827,C1
vinay_lingam,C0
vinayakaggarwal05,C0
vinayakgaikwad476,C1
vipink11430,C0
vipjain19,C0
viraag45,C0
viraj7403,C0
virendragoyal,C0
vishal4568,C1
vishalKumar_01,C1
vishnu_priya26,C1
vishuhasija,C1
vivek.kumar1_cs20,C1
vivek011299,C1
vk16,C0
vk_03,C1
vkman123,C1
vkookjimjinsujhrm,C1
vkostiuk450,C0
vladsoarta,C0
vldabmcsdn,C1
vm2124,C1
vmp2408,C0
voidlock,C1
volongoto,C0
vomanos,C0
voropavlik,C0
vuanh6187,C1
vucislav,C0
vudanhphuong25,C0
vutrongluan,C1
vutunganh,C1
wa186,C0
waffle1123112,C0
walkerkashyap,C1
wandering_soul,C1
wandrer,C0
wangyueheng123,C0
waterside,C0
waynebruce1704,C0
we_first,C0
wer_tour,C0
westy,C1
wfumqoqhzt,C1
wh01sShakin,C0
which_2leg_to_ride,C0
whyando,C0
wilczek256,C1
wilsonsaffold,C1
winfield843178,C1
wire,C1
with_firefly,C1
witherspoon824221,C1
withinlover,C0
wlt0716,C0
wlyoujiajun,C1
wnwnwn,C1
wooangha,C0
worst_coder_ever,C0
wry2333,C0
wt4,C1
wtfwtfwtfwtfwtfwtfIDK,C1
wuhao.02,C1
wzray,C0
xMerp,C0
xXx_MrNeyd_xXx,C1
xan79,C1
xbdx_36,C0
xbscnb,C1
xenom2004,C0
xiangguang,C1
xiao_shuang,C0
xiaosy,C1
xiaoxiao123,C1
xingjianwang,C1
xingxing,C0
xm20,C1
xphuocbui2,C1
xqyzjl,C0
xuan2wei1,C1
xy_qwq,C0
xyh61,C0
xyhxyh,C0
xyzabc167,C1
y.priyanshusaxena,C0
yJaTin,C0
yadavsonu,C1
yahooshubham123,C1
yamamalkhatib,C1
yas_sah,C0
yaser01,C0
yash-1234567,C1
yashiii,C1
yashitha_rao,C1
yashtomar31,C0
yates893267,C1
yaysoz,C1
yazh1202,C0
ydcc7910,C0
yesnt177,C1
yet_another_EmptySoulist,C1
yhkim8246,C1
yiniweiyin.cn,C0
yizhidai,C1
yjc981124,C1
yjr-1100,C0
yk608521,C0
ylxmf2005awa,C0
ynaonlctrm,C1
yogeshcp013,C0
yogeshpal_18,C1
yomayo,C0
yoshith9030,C1
yosinghal070,C0
you_can_code,C0
youssefsayed14,C0
ysymyth,C0
ytrewq23,C0
yudi,C0
yukong,C1
yunyin64,C1
yuvi_UDR,C1
yuzian,C0
yyc_inc,C0
yyds.,C0
yzwu,C0
yzyyyIx,C0
zcy101101,C0
zdfwqc,C0
zhKing,C0
zhangzipeng,C1
zhangzjd,C0
zhengtianshuidajiao,C1
zhenxq,C1
zhtjtcz,C0
zhuangAnjun,C1
zhuozhan,C1
zhwq,C0
zhzy0077,C0
ziadamer_developer,C1
zianglie,C0
zigyasu,C1
ziii,C0
zikram,C0
zizo1998,C1
zjufan,C0
zklalalalalala,C0
zlinda,C1
zoismyunyu,C1
zrincet,C1
zsombor,C0
ztogiqgfxj,C1
zu_an,C0
zunayed_cse,C1
zwvc,C1
zxcnmo,C1
zxenu,C1
zzz_ma,C1
zzzyyyxxx.com,C1
